{
  "leftEye": {
    "ellipseMinorAxis": 0.24494899809360505,
    "ellipseMajorAxis": 0.3099985122680664,
    "screenForward": {
      "x": 0.41045576333999636,
      "y": -0.36639001965522768,
      "z": 0.8350356221199036
    },
    "screenPosition": {
      "x": -0.07353818416595459,
      "y": -0.009250608272850514,
      "z": 0.02344539761543274
    },
    "eyePosition": {
      "x": -0.0300484336912632,
      "y": -0.0019327341578900815,
      "z": -0.03446062654256821
    },
    "eyeRotation": {
      "x": 7.395533370627759e-32,
      "y": 1.7763568394002506e-15,
      "z": 1.1241009818395605e-14,
      "w": 1.0
    },
    "cameraProjection": {
      "x": -0.699999988079071,
      "y": 0.699999988079071,
      "z": 0.30000001192092898,
      "w": -1.399999976158142
    },
    "sphereToWorldSpace": {
      "e00": 0.05101080238819122,
      "e01": 0.06071346998214722,
      "e02": 0.29330453276634219,
      "e03": -0.11486547440290451,
      "e10": 0.0,
      "e11": 0.23695310950279237,
      "e12": -0.07855913043022156,
      "e13": 0.019718056544661523,
      "e20": -0.23957861959934236,
      "e21": 0.012927045114338398,
      "e22": 0.062450066208839419,
      "e23": -0.05106290802359581,
      "e30": 0.0,
      "e31": 0.0,
      "e32": 0.0,
      "e33": 1.0
    },
    "worldToScreenSpace": {
      "e00": 3.4023547172546388,
      "e01": 14.062750816345215,
      "e02": 4.497934341430664,
      "e03": 0.27483612298965456,
      "e10": -14.878775596618653,
      "e11": 1.1054266691207886,
      "e12": 7.798585414886475,
      "e13": -1.2667731046676636,
      "e20": 0.41045576333999636,
      "e21": -0.3663899898529053,
      "e22": 0.8350355625152588,
      "e23": 0.007217099890112877,
      "e30": 0.0,
      "e31": 0.0,
      "e32": 0.0,
      "e33": 1.0
    }
  },
  "rightEye": {
    "ellipseMinorAxis": 0.24494899809360505,
    "ellipseMajorAxis": 0.3099985122680664,
    "screenForward": {
      "x": -0.45636123418807986,
      "y": -0.3195708394050598,
      "z": 0.8304269313812256
    },
    "screenPosition": {
      "x": 0.07292531430721283,
      "y": -0.006359401158988476,
      "z": 0.023330222815275193
    },
    "eyePosition": {
      "x": 0.0300484336912632,
      "y": -0.0019327341578900815,
      "z": -0.03446062654256821
    },
    "eyeRotation": {
      "x": 7.395533370627759e-32,
      "y": 1.7763568394002506e-15,
      "z": 1.1241009818395605e-14,
      "w": 1.0
    },
    "cameraProjection": {
      "x": -0.699999988079071,
      "y": 0.699999988079071,
      "z": 0.30000001192092898,
      "w": -1.399999976158142
    },
    "sphereToWorldSpace": {
      "e00": 0.05101081356406212,
      "e01": -0.060713451355695727,
      "e02": -0.29330453276634219,
      "e03": 0.11300533264875412,
      "e10": 0.0,
      "e11": 0.23695312440395356,
      "e12": -0.07855910062789917,
      "e13": 0.02108709327876568,
      "e20": 0.23957861959934236,
      "e21": 0.0129270413890481,
      "e22": 0.062450066208839419,
      "e23": -0.05102203041315079,
      "e30": 0.0,
      "e31": 0.0,
      "e32": 0.0,
      "e33": 1.0
    },
    "worldToScreenSpace": {
      "e00": -2.8164069652557375,
      "e01": 14.347386360168457,
      "e02": 3.9735074043273927,
      "e03": 0.20392534136772157,
      "e10": -14.649194717407227,
      "e11": -0.5838509202003479,
      "e12": -8.275148391723633,
      "e13": 1.2576452493667603,
      "e20": -0.4563612639904022,
      "e21": -0.3195708692073822,
      "e22": 0.8304269313812256,
      "e23": 0.011873966082930565,
      "e30": 0.0,
      "e31": 0.0,
      "e32": 0.0,
      "e33": 1.0
    }
  },
  "leapTracker": {
    "name": "Leap Odometry Origin",
    "serial": "",
    "localPose": {
      "position": {
        "x": 0.0,
        "y": 0.039777886122465137,
        "z": 0.0804821103811264
      },
      "rotation": {
        "x": 0.27482354640960696,
        "y": 0.0,
        "z": 0.0,
        "w": 0.9614946842193604
      }
    }
  }
}