{
  "leftEye": {
    "ellipseMinorAxis": 0.24494899809360505,
    "ellipseMajorAxis": 0.3099985122680664,
    "screenForward": {
      "x": 0.2687963545322418,
      "y": -0.2605213224887848,
      "z": 0.9272956252098084
    },
    "screenPosition": {
      "x": -0.07810195535421372,
      "y": -0.008130180649459362,
      "z": 0.01981550082564354
    },
    "eyePosition": {
      "x": -0.0300484336912632,
      "y": -0.006932735908776522,
      "z": -0.011960645206272602
    },
    "eyeRotation": {
      "x": 7.395533370627759e-32,
      "y": 1.7763568394002506e-15,
      "z": 1.1241009818395605e-14,
      "w": 1.0
    },
    "cameraProjection": {
      "x": -0.699999988079071,
      "y": 0.699999988079071,
      "z": 0.30000001192092898,
      "w": -1.399999976158142
    },
    "sphereToWorldSpace": {
      "e00": 0.05101080238819122,
      "e01": 0.06071346998214722,
      "e02": 0.29330453276634219,
      "e03": -0.11435472220182419,
      "e10": 0.0,
      "e11": 0.23695310950279237,
      "e12": -0.07855913043022156,
      "e13": 0.022909199818968774,
      "e20": -0.23957861959934236,
      "e21": 0.012927045114338398,
      "e22": 0.062450066208839419,
      "e23": -0.046110931783914569,
      "e30": 0.0,
      "e31": 0.0,
      "e32": 0.0,
      "e33": 1.0
    },
    "worldToScreenSpace": {
      "e00": 1.7142395973205567,
      "e01": 14.615180015563965,
      "e02": 3.609189033508301,
      "e03": 0.18119163811206819,
      "e10": -16.103185653686525,
      "e11": 0.6882996559143066,
      "e12": 4.8612260818481449,
      "e13": -1.3484219312667847,
      "e20": 0.2687963843345642,
      "e21": -0.26052138209342959,
      "e22": 0.9272956252098084,
      "e23": 0.000500610563904047,
      "e30": 0.0,
      "e31": 0.0,
      "e32": 0.0,
      "e33": 1.0
    }
  },
  "rightEye": {
    "ellipseMinorAxis": 0.24494899809360505,
    "ellipseMajorAxis": 0.3099985122680664,
    "screenForward": {
      "x": -0.3430961072444916,
      "y": -0.26604798436164858,
      "z": 0.9008349180221558
    },
    "screenPosition": {
      "x": 0.08293947577476502,
      "y": -0.0052674394100904469,
      "z": 0.019325584173202516
    },
    "eyePosition": {
      "x": 0.0300484336912632,
      "y": -0.006932735908776522,
      "z": -0.011960645206272602
    },
    "eyeRotation": {
      "x": 7.395533370627759e-32,
      "y": 1.7763568394002506e-15,
      "z": 1.1241009818395605e-14,
      "w": 1.0
    },
    "cameraProjection": {
      "x": -0.699999988079071,
      "y": 0.699999988079071,
      "z": 0.30000001192092898,
      "w": -1.399999976158142
    },
    "sphereToWorldSpace": {
      "e00": 0.05101081356406212,
      "e01": -0.060713451355695727,
      "e02": -0.29330453276634219,
      "e03": 0.12348052859306336,
      "e10": 0.0,
      "e11": 0.23695312440395356,
      "e12": -0.07855910062789917,
      "e13": 0.026572735980153085,
      "e20": 0.23957861959934236,
      "e21": 0.0129270413890481,
      "e22": 0.062450066208839419,
      "e23": -0.04888486489653587,
      "e30": 0.0,
      "e31": 0.0,
      "e32": 0.0,
      "e33": 1.0
    },
    "worldToScreenSpace": {
      "e00": -1.6352676153182984,
      "e01": 14.603983879089356,
      "e02": 3.6902501583099367,
      "e03": 0.14123761653900147,
      "e10": -15.708404541015625,
      "e11": -0.2299959659576416,
      "e12": -6.050699234008789,
      "e13": 1.4185686111450196,
      "e20": -0.3430960476398468,
      "e21": -0.26604795455932619,
      "e22": 0.9008349180221558,
      "e23": 0.009645655751228333,
      "e30": 0.0,
      "e31": 0.0,
      "e32": 0.0,
      "e33": 1.0
    }
  },
  "leapTracker": {
    "name": "Leap Odometry Origin",
    "serial": "",
    "localPose": {
      "position": {
        "x": 0.0,
        "y": 0.039777886122465137,
        "z": 0.0804821103811264
      },
      "rotation": {
        "x": 0.27482354640960696,
        "y": 0.0,
        "z": 0.0,
        "w": 0.9614946842193604
      }
    }
  }
}